Category,6/1/2015,6/2/2015,6/3/2015,6/4/2015,6/5/2015,6/6/2015,6/7/2015,6/8/2015,6/9/2015,6/10/2015,6/11/2015,6/12/2015,6/13/2015,6/14/2015,6/15/2015,6/16/2015,6/17/2015,6/18/2015,6/19/2015,6/20/2015,6/21/2015,6/22/2015,6/23/2015,6/24/2015,6/25/2015,6/26/2015,6/27/2015,6/28/2015,6/29/2015,6/30/2015,7/1/2015,7/2/2015,7/3/2015,7/4/2015,7/5/2015,7/6/2015,7/7/2015,7/8/2015,7/9/2015,7/10/2015,7/11/2015,7/12/2015,7/13/2015,7/14/2015,7/15/2015,7/16/2015,7/17/2015,7/18/2015,7/19/2015,7/20/2015,7/21/2015,7/22/2015,7/23/2015,7/24/2015,7/25/2015,7/26/2015,7/27/2015,7/28/2015,7/29/2015,7/30/2015,7/31/2015,8/1/2015,8/2/2015,8/3/2015,8/4/2015,8/5/2015,8/6/2015,8/7/2015,8/8/2015,8/9/2015,8/10/2015,8/11/2015,8/12/2015,8/13/2015,8/14/2015,8/15/2015,8/16/2015,8/17/2015,8/18/2015,8/19/2015,8/20/2015,8/21/2015,8/22/2015,8/23/2015,8/24/2015,8/25/2015,8/26/2015,8/27/2015,8/28/2015,8/29/2015,8/30/2015,8/31/2015,9/1/2015,9/2/2015,9/3/2015,9/4/2015,9/5/2015,9/6/2015,9/7/2015,9/8/2015,9/9/2015,9/10/2015,9/11/2015,9/12/2015,9/13/2015,9/14/2015,9/15/2015,9/16/2015,9/17/2015,9/18/2015,9/19/2015,9/20/2015,9/21/2015,9/22/2015,9/23/2015,9/24/2015,9/25/2015,9/26/2015,9/27/2015,9/28/2015,9/29/2015,9/30/2015,10/1/2015,10/2/2015,10/3/2015,10/4/2015,10/5/2015,10/6/2015,10/7/2015,10/8/2015,10/9/2015,10/10/2015,10/11/2015,10/12/2015,10/13/2015,10/14/2015,10/15/2015,10/16/2015,10/17/2015,10/18/2015,10/19/2015,10/20/2015,10/21/2015,10/22/2015,10/23/2015,10/24/2015,10/25/2015,10/26/2015,10/27/2015,10/28/2015,10/29/2015,10/30/2015,10/31/2015,11/1/2015,11/2/2015,11/3/2015,11/4/2015,11/5/2015,11/6/2015,11/7/2015,11/8/2015,11/9/2015,11/10/2015,11/11/2015,11/12/2015,11/13/2015,11/14/2015,11/15/2015,11/16/2015,11/17/2015,11/18/2015,11/19/2015,11/20/2015,11/21/2015,11/22/2015,11/23/2015,11/24/2015,11/25/2015,11/26/2015,11/27/2015,11/28/2015,11/29/2015,11/30/2015,12/1/2015,12/2/2015,12/3/2015,12/4/2015,12/5/2015,12/6/2015,12/7/2015,12/8/2015,12/9/2015,12/10/2015,12/11/2015,12/12/2015,12/13/2015,12/14/2015,12/15/2015,12/16/2015,12/17/2015,12/18/2015,12/19/2015,12/20/2015,12/21/2015,12/22/2015,12/23/2015,12/24/2015,12/25/2015,12/26/2015,12/27/2015,12/28/2015,12/29/2015,12/30/2015,12/31/2015,1/1/2016,1/2/2016,1/3/2016,1/4/2016,1/5/2016,1/6/2016,1/7/2016,1/8/2016,1/9/2016,1/10/2016,1/11/2016,1/12/2016,1/13/2016,1/14/2016,1/15/2016,1/16/2016,1/17/2016,1/18/2016,1/19/2016,1/20/2016,1/21/2016,1/22/2016,1/23/2016,1/24/2016,1/25/2016,1/26/2016,1/27/2016,1/28/2016,1/29/2016,1/30/2016,1/31/2016
Uncategorized,0,0.01703,0.0035,0.002,0.01999,0.00651,0,0,0.0152,0.007,0,0,0.0437,0,0,0.08015,0.0125,0,0,0,0,0,0.02399,0,0.04495,0.16595,0,0,0,0.03715,0,0.06396,0.006,0,0.0017,0,0,0.15015,0,0.01749,0,0,0,0.03298,0.002,0,0.31593,0.02849,0.02999,0.03684,0.003,0,0,0.055,0.02795,0.002,0,0.02199,0.03695,0,0.02999,0.04319,0.0027,0.01,0.30326,0.10632,0.11497,0.12669,0.36599,0.16398,0.20766,0.072,0.09033,0.0187,0.029,0.01305,0.01,0.0267,0.03999,0.00635,0.11069,0.07935,0.4388,0.27,0.1027,0.0027,0.07999,0.0197,0.0047,0.08873,0.00405,0.002,0.00135,0.00405,0.002,0.0163,0.00135,0.0067,0.002,0.20483,0.01405,0.00135,0.02435,0.078,0,0.0027,0,0.004,0.00535,0.006,0.00405,0,0,0.015,0,0.00405,0,0.0181,0.00135,0,0.011,0.00189,0.00389,0.01263,0.06199,0.00485,0.00789,0,0.01688,0,0.02089,0.04735,0.01128,0.00335,0.002,0,0.002,0,0.07534,0.0035,0.00495,0.07699,0.004,0.0103,0.01335,0.05135,0.0047,0.00135,0.00596,0,0.00513,0.0027,0.0612,0.00405,0,0,0,0,0.00135,0.0027,0,0.05598,0,0,0.02999,0.07832,0.00335,0.002,0,0,0.0027,0.002,0.00606,0,0.002,0,0,0.00135,0,0.002,0.002,0.0027,0,0,0,0,0,0.002,0.002,0,0.055,0,0,0.03398,0.017,0.002,0,0,0.02175,0.02495,0,0.002,0,0,0,0,0.047,0,0.002,0.00249,0.02999,0,0,0,0.01,0.002,0,0.099,0,0,0.03999,0.00499,0,0,0,0,0,0,0.03999,0,0.0465,0.002,0.002,0,0,0,0.01499,0,0,0,0,0,0,0,0
Beverages,0.0045,0.002,0,0,0,0,0.006,0.002,0,0.004,0,0.002,0.004,0.002,0.002,0.002,0,0.003,0.007,0.003,0.005,0.003,0.004,0.002,0.009,0,0.0045,0.0035,0,0,0.0165,0.012,0.003,0.003,0.0075,0,0.009,0.0055,0,0.0015,0.014,0.0035,0.002,0.004,0.0035,0.0055,0.004,0.002,0.006,0.004,0.008,0.002,0.006,0,0.012,0.008,0.004,0.011,0.002,0.002,0.0085,0.0205,0,0.002,0.006,0.0145,0.008,0.0045,0,0.0065,0.0075,0.007,0.003,0.0015,0,0.004,0.003,0,0,0,0.0015,0,0.003,0,0.008,0.009,0,0.0115,0.009,0.0205,0.016,0.002,0.008,0.009,0.007,0.016,0.027,0.0075,0.003,0.004,0.016,0.0055,0,0.006,0.0035,0,0.008,0.0055,0.0065,0.008,0.019,0.0105,0.002,0,0,0.0035,0,0,0.004,0,0,0.002,0.003,0.004,0.004,0.003,0,0,0,0.0015,0.002,0.0015,0,0.002,0,0.003,0.002,0.0015,0.0075,0.017,0.002,0.002,0.0015,0.0015,0.009,0.0115,0.0275,0.002,0.0035,0.0105,0.0075,0.011,0.01,0.006,0.0035,0.007,0.0015,0.0035,0.006,0.0125,0.005,0,0.008,0.004,0.002,0.002,0,0.004,0,0.002,0.0015,0.0035,0.005,0.0035,0.0015,0.0015,0,0.005,0,0.006,0.0045,0.0045,0.0025,0.001,0.0015,0.002,0.001,0.0065,0.0035,0.01,0.002,0.0025,0.0045,0,0.004,0.001,0.002,0.0015,0,0,0.002,0.0055,0,0,0,0,0,0,0,0,0.0015,0,0,0.008,0,0.009,0.003,0,0,0,0,0.0045,0.004,0.0035,0,0.002,0,0.0015,0.003,0,0.0055,0,0.002,0.0035,0.002,0.004,0.0015,0.004,0.002,0.002,0,0.002,0.002,0.004,0.006
Board Games,0.13985,0,0.05999,0,0,0.119,0,0.13999,0,0,0,0.06494,0.0449,0.05995,0,0,0.01999,0.1199,0,0.02999,0,0,0.10598,0.147,0,0.00995,0.0839,0.01,0.025,0.06854,0,0,0.02094,0.025,0.08899,0,0.10493,0,0.0549,0.01895,0,0.08994,0.04169,0.01499,0.06899,0,0.16239,0.04158,0.01485,0.00495,0.08687,0.08401,0.01798,0.00495,0.00198,0.07498,0.05495,0.014,0,0.00495,0.08498,0.00299,0,0.20509,0,0.13201,0,0,0.01199,0.075,0.04436,0.09995,0.23927,0,0,0.06992,0.09995,0,0.02495,0.05,0,0.00999,0.06188,0.03994,0,0.01999,0,0.35317,0.06999,0.07997,0.0399,0,0,0.06193,0.01995,0,0.11994,0.01999,0.03895,0.02999,0,0.04195,0.0599,0.2129,0.0399,0.10997,0.07395,0,0,0.02995,0.33386,0.03499,0.01485,0.009,0.04799,0.0599,0.30813,0.03994,0,0,0.00299,0.06094,0.03499,0.1189,0.32176,0.06097,0,0.05605,0.03993,0.09098,0,0.01995,0.0799,0.05829,0.02995,0.01999,0.0575,0.05998,0.15587,0.01999,0,0,0,0.03995,0.13493,0.10199,0.02999,0.07995,0.01499,0,0,0.0245,0.07994,0,0.05999,0.02999,0,0,0,0.08498,0,0.01295,0.01699,0.01895,0.10298,0.01495,0.14478,0,0.00249,0,0.1349,0,0,0.13697,0.10492,0.049,0.07998,0.04994,0,0.28382,0.15985,0,0.05,0.03395,0.01499,0.04499,0.1447,0.19976,0.07499,0.06,0,0,0,0.12586,0.26497,0.06399,0.14497,0,0.07497,0.09288,0.2739,0.06393,0.03195,0.10997,0.03198,0.17382,0.02797,0,0.04198,0.04999,0.20994,0.00798,0.34189,0.15687,0.02998,0.08494,0.03999,0.02,0.08997,0.00595,0.06999,0,0.04995,0,0.02999,0,0,0.09917,0,0.07297,0.1499,0,0.01,0,0,0,0.05,0.04495,0.01995,0,0,0.04698,0,0.06998,0.00399
Bottled Beverages,0.06491,0.09296,0.07796,0.06095,0.10846,0.1049,0.09836,0.06994,0.09347,0.01646,0.03043,0.03097,0.07192,0.01495,0.01392,0.02395,0.03742,0.04698,0.07294,0.04042,0.02497,0.03398,0.06697,0.04447,0.03443,0.06593,0.10139,0.03097,0.02048,0.03495,0.0665,0.05097,0.06448,0.05598,0.042,0.03599,0.08146,0.03199,0.017,0.026,0.0685,0.0255,0.016,0.0305,0.0445,0.0185,0.10097,0.0365,0.021,0.013,0.032,0.0375,0.0385,0.05798,0.031,0.026,0.0205,0.061,0.0295,0.01,0.03149,0.0545,0.0245,0.0325,0.0475,0.017,0.033,0.04398,0.0305,0.028,0.02498,0.0365,0.03999,0.03399,0.055,0.09349,0.0215,0.01699,0.03748,0.011,0.0365,0.038,0.0575,0.048,0.0265,0.02047,0.04948,0.0554,0.12189,0.10846,0.09184,0.02147,0.06197,0.01249,0.02798,0.07243,0.09545,0.0479,0.04546,0.07642,0.08596,0.01696,0.08141,0.08095,0.05345,0.03046,0.02694,0.021,0.03449,0.05995,0.15475,0.06994,0.03849,0.023,0.06444,0.0245,0.05798,0.12998,0.04196,0.013,0.03649,0.0405,0.05147,0.1094,0.12991,0.07347,0.02399,0.03248,0.06398,0.0325,0.06946,0.09871,0.04648,0.02874,0.02123,0.043,0.03475,0.06475,0.06394,0.03448,0.031,0.03875,0.0375,0.0435,0.07149,0.075,0.08875,0.03375,0.04375,0.04375,0.03375,0.0745,0.0765,0.0295,0.028,0.0625,0.0555,0.0205,0.04548,0.1115,0.06,0.015,0.0425,0.03,0.029,0.068,0.06575,0.053,0.026,0.017,0.04225,0.062,0.09725,0.074,0.0355,0.03374,0.05,0.049,0.005,0.0665,0.042,0.03,0.0125,0.038,0.0255,0.032,0.05525,0.10923,0.05349,0.0285,0.03,0.0115,0.0165,0.082,0.0545,0.0435,0.0175,0.0275,0.04125,0.03875,0.0305,0.0635,0.02525,0.024,0.057,0.06048,0.0205,0.018,0.03924,0.05399,0.06374,0.05675,0.03825,0.051,0.09122,0.10197,0.091,0.04325,0.036,0.055,0.05325,0.0715,0.07675,0.0655,0.02575,0.0325,0.05025,0.046,0.053,0.12325,0.0675,0.0355,0.03125,0.05375,0.0375,0.05322,0.06675,0.054,0.04925,0.05825,0.048,0.02825,0.06125,0.09075,0.05525
Candy,0.0025,0.0063,0.0063,0.0052,0.00555,0.00905,0.00125,0.0027,0.0047,0.0032,0.00185,0.0037,0.0015,0,0.00135,0.0042,0.00125,0.0037,0.00545,0.00405,0.0032,0.00135,0.0064,0.0025,0.00275,0.00025,0.00025,0.0052,0.00025,0.00235,0.00175,0.0043,0.00235,0,0.0031,0.00185,0.0062,0.00235,0.00295,0.0036,0.0042,0.00285,0.0047,0.00615,0.00705,0.00395,0.00135,0.0016,0.001,0.00185,0.00865,0.00135,0.0053,0.00345,0.0032,0.00135,0.00135,0.00135,0.0054,0,0.00075,0.00335,0.0016,0.0005,0.00135,0.00235,0.00025,0.00815,0.0155,0.00655,0.00025,0.0026,0.0061,0.00135,0.00475,0.0016,0.0036,0.0032,0.00615,0.00075,0.0077,0,0.00225,0.00815,0.00235,0.00135,0.00425,0.00295,0.00075,0.0129,0.00295,0.0073,0.00135,0.00235,0.00075,0.0033,0.00615,0.00165,0,0.0028,0.00735,0,0.00335,0.00905,0.0045,0.00475,0,0,0.0043,0.00135,0.01315,0.0088,0.00295,0.0005,0.00135,0.00135,0.002,0.00605,0.0074,0,0.00265,0.00025,0.0016,0.00635,0.00485,0.00445,0.0079,0,0.0029,0.00025,0.00485,0.01225,0.00215,0.00795,0.0042,0.00375,0.00515,0.00725,0.00475,0.0036,0.0084,0.0034,0.00865,0.0078,0.0039,0.01655,0.01225,0.00705,0.0046,0.0045,0.00325,0.0057,0,0,0.00415,0.0014,0,0.002,0.0095,0.00335,0.00435,0,0.00275,0.0055,0.0015,0.00725,0.0046,0.0059,0.00335,0.00375,0.00125,0.00135,0.01965,0.0122,0.00735,0.00695,0.01105,0.0077,0.0014,0.0075,0.00845,0.0037,0.0042,0.00575,0.0035,0.00435,0.00625,0.0073,0.00505,0.00275,0.0026,0.00135,0.0051,0.0026,0.00675,0.00635,0.0027,0.00025,0,0,0.0016,0.00875,0.00295,0.01505,0.00335,0.00185,0.0016,0.00185,0.00635,0.0051,0.012,0.00945,0.0042,0.00635,0.01035,0.0113,0.0113,0.008,0.00285,0.00565,0.00534,0.00851,0.01392,0.0096,0.00269,0.0086,0.00262,0.00075,0.0043,0.0123,0.0108,0.00956,0.00754,0.00545,0.01012,0.01945,0.02228,0.01035,0.0139,0.01754,0.0091,0.01325,0.00695,0.01035,0.01837
Canned Beverages,0.009,0.043,0.058,0.0465,0.0245,0.0195,0.014,0.0105,0.0165,0.0225,0.0285,0.0405,0.0195,0.027,0.024,0.0315,0.0345,0.024,0.0285,0.0405,0.0255,0.019,0.0165,0.0255,0.027,0.0195,0.0375,0.0255,0.009,0.049,0.027,0.0255,0.027,0.0135,0.012,0.0345,0.036,0.024,0.036,0.015,0.0155,0.0115,0.0075,0.0295,0.0255,0.0165,0.0475,0.033,0.0225,0.0225,0.022,0.018,0.0295,0.0725,0.0415,0.0345,0.0135,0.0395,0.0235,0.029,0.0435,0.0315,0.012,0.0565,0.0295,0.018,0.0335,0.0405,0.028,0.028,0.024,0.023,0.035,0.0175,0.0235,0.1065,0.0085,0.049,0.0335,0.0155,0.0235,0.06,0.0285,0.017,0.0395,0.044,0.036,0.043,0.0395,0.0265,0.0265,0.015,0.0175,0.065,0.03,0.049,0.064,0.0115,0.049,0.0055,0.02,0.0155,0.028,0.0545,0.018,0.0215,0.0415,0.0215,0.028,0.0295,0.025,0.026,0.012,0.0315,0.037,0.03,0.0315,0.102,0.03,0.024,0.009,0.006,0.0105,0.026,0.0245,0.022,0.024,0.012,0.009,0.015,0.021,0.017,0.0015,0.0085,0.024,0.019,0.021,0.0315,0.0265,0.006,0.0015,0.02,0.0115,0.03025,0.0295,0.0435,0.04,0.0085,0.0115,0.0175,0.0105,0.0425,0.0495,0.022,0.0225,0.029,0.038,0.022,0.0315,0.0395,0.019,0,0.006,0.0115,0.009,0.03,0.023,0.024,0.013,0.018,0.0265,0.017,0.0585,0.022,0.0115,0.009,0.012,0.01,0.003,0.021,0.0395,0.01,0.019,0.018,0.0215,0.001,0.0215,0.0215,0.015,0.019,0.0195,0.013,0.03,0.035,0.0305,0.0205,0.0205,0.022,0.0165,0.0165,0.024,0.0265,0.001,0.009,0.022,0.011,0.0055,0.007,0.004,0.005,0.0285,0.0185,0.009,0.012,0.013,0.02,0.013,0.007,0.0075,0.001,0.005,0.0225,0.016,0.009,0.0145,0.013,0.022,0.024,0.017,0.0535,0.0145,0.002,0.0055,0.004,0.011,0.0515,0.011,0.003,0.0125,0.01,0.0125,0.0165,0.0235,0.02049,0.0175
Card Gaming Accessories,0.00799,0,0,0.15891,0,0.02923,0.01599,0.00525,0.002,0.01323,0.01799,0.0065,0.00599,0,0.00799,0.0085,0.00924,0.008,0.004,0.00998,0.002,0.00325,0.00525,0,0.00399,0.002,0.00998,0.00899,0,0,0.00699,0.012,0.01374,0.01799,0,0.06,0.04945,0.01649,0,0,0.07196,0.00255,0,0.02999,0.05097,0,0.006,0.01599,0.002,0.00136,0.00136,0.00799,0.009,0.03198,0.0074,0.01599,0,0.004,0.00472,0,0,0.004,0.01599,0.00999,0,0.004,0,0.00999,0.002,0,0.01554,0.02998,0.006,0.02999,0.03224,0.004,0.01798,0.00272,0.02224,0,0.02299,0.01799,0,0.02384,0.0017,0.00285,0.002,0.002,0.00685,0,0.01198,0.00999,0.01599,0,0.00399,0.04197,0.05248,0,0.03098,0.01599,0.02948,0,0.00798,0.10041,0.04294,0.01599,0,0.03084,0.018,0.00399,0.02347,0.02597,0,0,0.00599,0,0.0095,0.05393,0,0.07097,0.03399,0,0.00599,0.01136,0.05926,0.04918,0.007,0.01894,0.01198,0.02197,0.00824,0.03298,0.03194,0,0.02493,0.02997,0.01449,0.06699,0.02347,0.00796,0,0.05894,0.01499,0.03647,0.02895,0.06991,0.01998,0.00299,0.05394,0.01184,0.00725,0.10075,0.09544,0.04793,0.01248,0.03894,0.0528,0.00399,0.02046,0.07646,0.00999,0.01099,0.01199,0.01548,0.02598,0.18431,0.02798,0.00399,0.00999,0.05445,0.01199,0.01199,0.04196,0.07289,0.00999,0.02198,0.00399,0.03297,0.03996,0.04219,0.06193,0.01573,0,0.02698,0.02199,0.01599,0.05297,0.0352,0.02299,0.06494,0.06895,0.02668,0.01908,0.07593,0.16837,0.06118,0.11334,0.02397,0.03194,0.0055,0.2955,0.09243,0.02697,0.00899,0.01998,0.03669,0.07396,0.02375,0.07582,0.03006,0.07093,0.15747,0.07295,0.08036,0.03631,0.19586,0.04246,0.02849,0.01499,0.08546,0.02796,0.08192,0.07825,0.18909,0.01624,0.04997,0,0,0.12174,0.12589,0.08382,0.04645,0.05146,0.04247,0.009,0.13141,0.05496,0.04496,0.02349,0.08734,0,0.07094,0.15738,0.13289,0.07837
Event Tickets,0.01,0,0.02,0.36,0.27,0.059,0.05,0,0,0.05,0.175,0.229,0,0,0,0,0.025,0.115,0.064,0.034,0.035,0.01,0.019,0.03,0.005,0.095,0,0,0.005,0,0.035,0.025,0,0,0.15,0,0,0.025,0,0.015,0,0,0,0,0.03,0.04,0.136,0,0,0.005,0,0.03,0.043,0.144,0.125,0,0,0.02,0.04,0.04,0.109,0,0.04,0,0.04,0.055,0.04,0.222,0.025,0.03,0,0,0.04,0,0.261,0,0.075,0,0,0.03,0,0.189,0,0,0,0.025,0,0.03,0.207,0.134,0.055,0,0,0.045,0,0.288,0.005,0,0.072,0,0.02,0.04,0.279,0,0.02,0,0,0.105,0.085,0.404,0.06,0.035,0.1,0.1,0.244,0.14,0.797,0.28,0.105,0,0.005,0.02,0,0.374,0.164,0.222,0.009,0,0.05,0.02,0.269,0.021,0.02,0,0,0.075,0.009,0.203,0.02,0.005,0,0.018,0.08,0,0.19,0.051,0.062,0,0,0.034,0.063,0.126,0.025,0,0,0.018,0.01,0.04,0.234,0.03,0.105,0,0.005,0.044,0,0.192,0.045,0,0,0.035,0.059,0.01,0.111,0.048,0.18,0.005,0,0.095,0,0.086,0,0,0,0,0.04,0,0.203,0.363,0.025,0,0,0.055,0.105,0.153,0.286,0.01,0.005,0,0.06,0,0.117,0.04,0.01,0,0,0.04,0,0,0.024,0.008,0,0,0.055,0.015,0.12,0.085,0,0.04,0,0.03,0,0.25,0.025,0.035,0.04,0,0.03,0,0.096,0.02,0.024,0.05,0,0.035,0,0.24,0.03,0.02,0.045,0,0.065,0,0.252,0.1,0.12
Food,0.03448,0.06214,0.06529,0.06566,0.06348,0.09033,0.08403,0.04834,0.07552,0.03394,0.07027,0.07151,0.14647,0.04892,0.0469,0.05756,0.05002,0.07645,0.14697,0.09088,0.05201,0.05928,0.10238,0.04887,0.06551,0.05367,0.10769,0.09449,0.02265,0.06394,0.07389,0.09365,0.13065,0.06649,0.06279,0.05903,0.11286,0.06463,0.04135,0.07501,0.08167,0.08464,0.01868,0.10255,0.05845,0.0468,0.10981,0.06444,0.02641,0.04703,0.06946,0.05761,0.03752,0.08518,0.03205,0.05463,0.05285,0.06515,0.06633,0.03624,0.05733,0.09852,0.06717,0.06621,0.04539,0.05092,0.04701,0.13116,0.04297,0.04298,0.01806,0.05437,0.06517,0.05325,0.05773,0.08397,0.02951,0.05582,0.0829,0.02119,0.07198,0.08474,0.05645,0.06115,0.03875,0.05083,0.05185,0.13902,0.13122,0.13968,0.07299,0.03203,0.06445,0.04668,0.06214,0.15183,0.04782,0.0614,0.04944,0.0415,0.11046,0.02676,0.18368,0.12386,0.10583,0.03821,0.07124,0.04327,0.07807,0.10739,0.16278,0.12509,0.03948,0.05055,0.05819,0.0877,0.14465,0.16064,0.10834,0.04861,0.03935,0.05609,0.07434,0.15141,0.22883,0.07738,0.11079,0.05932,0.05525,0.05969,0.06798,0.09555,0.12619,0.02677,0.07888,0.04717,0.05928,0.08233,0.06113,0.0635,0.03843,0.05535,0.04487,0.09201,0.068,0.06516,0.14591,0.03845,0.03378,0.05383,0.06349,0.14001,0.06283,0.04322,0.04412,0.06822,0.03726,0.11023,0.10157,0.17282,0.08685,0.02391,0.02537,0.06006,0.09367,0.13324,0.17452,0.19556,0.0497,0.04138,0.03692,0.05957,0.24098,0.1054,0.04321,0.03626,0.07579,0.05679,0.00189,0.05383,0.11084,0.11303,0.07288,0.03755,0.03139,0.02574,0.0951,0.1147,0.13477,0.03526,0.09568,0.03751,0.04441,0.14239,0.08132,0.11865,0.03912,0.05877,0.03332,0.03172,0.05505,0.12851,0.039,0.07522,0.07454,0.02578,0.00829,0.02764,0.07156,0.06315,0.09647,0.10131,0.08528,0.04371,0.12626,0.16061,0.10267,0.02929,0.03139,0.02454,0.05525,0.09582,0.09952,0.06949,0.02367,0.06141,0.07964,0.04634,0.07711,0.21411,0.10827,0.03879,0.03451,0.0612,0.069,0.13932,0.11543,0.07792,0.09899,0.10834,0.05097,0.05932,0.08597,0.15917,0.12621
Glass Bottled Soda,0.026,0.08,0.056,0.053,0.071,0.135,0.2635,0.041,0.076,0.104,0.0575,0.093,0.129,0.126,0.072,0.082,0.104,0.118,0.132,0.176,0.087,0.091,0.153,0.084,0.0745,0.101,0.19,0.15,0.016,0.094,0.124,0.1385,0.456,0.031,0.067,0.093,0.165,0.097,0.082,0.137,0.2755,0.109,0.064,0.143,0.1145,0.101,0.169,0.135,0.107,0.042,0.124,0.078,0.1,0.128,0.114,0.072,0.107,0.099,0.099,0.164,0.171,0.224,0.093,0.07,0.155,0.075,0.071,0.168,0.171,0.129,0.045,0.136,0.103,0.09,0.136,0.159,0.077,0.077,0.159,0.058,0.128,0.163,0.093,0.155,0.08,0.094,0.06,0.159,0.106,0.129,0.127,0.071,0.087,0.042,0.038,0.084,0.177,0.096,0.093,0.074,0.079,0.052,0.209,0.148,0.081,0.041,0.056,0.041,0.13,0.158,0.291,0.112,0.036,0.08,0.037,0.08,0.111,0.258,0.1,0.055,0.069,0.041,0.067,0.175,0.246,0.117,0.061,0.133,0.111,0.09,0.211,0.117,0.12,0.037,0.059,0.067,0.068,0.088,0.179,0.124,0.02,0.081,0.043,0.091,0.143,0.091,0.086,0.055,0.047,0.034,0.047,0.111,0.138,0.042,0.08,0.074,0.052,0.035,0.062,0.144,0.072,0.045,0.049,0.037,0.036,0.122,0.163,0.089,0.021,0.073,0.053,0.065,0.11,0.128,0.019,0.055,0.12,0.093,0.014,0.105,0.115,0.062,0.057,0.055,0.055,0.026,0.095,0.178,0.107,0.069,0.072,0.01,0.026,0.053,0.196,0.124,0.082,0.033,0.066,0.073,0.08,0.142,0.065,0.071,0.075,0.047,0.019,0.033,0.056,0.065,0.069,0.069,0.081,0.044,0.071,0.114,0.071,0.042,0.037,0.05,0.069,0.064,0.094,0.046,0.026,0.046,0.075,0.052,0.05,0.208,0.112,0.068,0.045,0.027,0.036,0.172,0.105,0.081,0.074,0.073,0.043,0.049,0.063,0.11,0.045
"MTG Sealed (booster packs, fat packs, etc)",0.24998,0.03996,0,0.40959,0.33988,0.02697,0.07192,0.00899,0.02697,0.13485,0.2697,0.03596,0.31465,0.00899,0,0.28494,0.00899,0.03596,0,0,0.07192,0.2697,0.05394,0.07192,0.05394,0.07192,0.09889,0.01798,0.00899,0.06293,0.05394,0.01798,0.02697,0,0.01798,0,0.06293,0.02697,0.04495,0,0.22475,0.00899,0.00899,0.01798,0,0,0,0.04495,0.00899,0.00899,0.00899,0.04495,0,0.02697,0.03596,0,0,0.13485,0,0,0,0,0,0,0.02697,0.03596,0.01798,0,0,0.01798,0,0,0.00899,0.01798,0.01798,0,0.01798,0,0.00899,0.05394,0,0.01798,0.00899,0,0,0.04495,0.03596,0.01798,0,0,0.01798,0,0.00899,0,0.03596,0,0.03596,0.01798,0.01798,0.03596,0,0,0.00899,0.27869,0.06293,0.00899,0.00899,0.01798,0.00899,0.08091,0.03596,0.03596,0.00899,0,0.00899,0.07192,0.05394,0,0,0,0.00899,0.00899,0.06293,0.03596,0,0,0,0.02697,0,0,0.06293,0.10788,0.06293,0.03596,0,0.04495,0.01798,0.02697,0.03596,0,0.03596,0.00899,0,0.00899,0.02697,0.00899,0.00899,0.06293,0.01798,0,0,0.00899,0,0,0,0,0,0,0,0,0,0,0,0,0,0,0,0,0,0,0,0,0,0,0,0,0,0,0,0,0,0,0,0,0,0,0,0,0,0,0,0,0,0,0,0,0,0,0,0,0,0,0,0,0,0,0,0,0,0,0,0,0,0,0,0,0,0,0,0,0,0,0,0,0,0,0,0,0,0,0,0,0,0,0,0,0,0,0,0,0,0,0,0,0
Novelties,0.2173,0.46413,0.56042,0.53312,0.38322,1.08051,0.28745,0.16887,0.24855,0.2823,0.39358,0.34659,0.79139,0.29764,0.25974,0.46688,0.49733,0.61554,0.53935,0.36679,0.83265,0.24361,0.41634,0.2829,0.30692,0.32872,0.41686,0.14258,0.20171,0.63777,0.27652,0.55286,0.66831,0.16544,0.53099,0.14814,0.29313,0.05943,0.06374,0.48478,0.66884,0.3008,0.13545,0.17815,0.2604,0.15264,0.6548,0.24098,0.24286,0.11534,0.17784,0.11592,0.09204,0.12759,0.42864,0.26091,0.09982,0.46337,0.22792,0.17194,0.26314,0.55557,0.19309,0.09183,0.3225,0.18655,0.1118,0.3781,0.16475,0.24958,0.23297,0.19906,0.1311,0.0709,0.39227,0.4738,0.08089,0.13536,0.16039,0.09897,0.25317,0.19866,0.21332,0.17287,0.22334,0.18479,0.1291,0.38011,0.25402,0.13303,0.04777,0.03188,0.09286,0.07834,0.29141,0.65116,0.08893,0.36324,0.12689,0.02697,0.20504,0.04462,0.28483,0.20421,0.0623,0.18872,0.04097,0.30939,0.08294,0.34189,0.25287,0.2707,0.04672,0.04224,0.06691,0.07608,0.24916,0.18055,0.36425,0.11497,0.03347,0.00798,0.0441,0.28153,0.15771,0.19203,0.16364,0.0698,0.10324,0.06428,0.21953,0.15987,0.03495,0.04391,0.09238,0.05145,0.08517,0.07847,0.0369,0.03246,0.07948,0.07528,0.01199,0.09691,0.21528,0.05111,0.05466,0.04195,0.05014,0.06167,0.05941,0.11337,0.07896,0,0,0.01995,0.00798,0.01197,0.01999,0.01197,0,0.004,0.01295,0,0.02499,0,0.02398,0,0.03995,0,0,0,0.03847,0.03999,0,0.00798,0,0,0,0,0,0.01699,0.04696,0,0,0.004,0,0,0.01999,0,0,0,0.01197,0.01199,0.035,0,0,0.00798,0.02499,0,0,0,0,0.02394,0.03397,0,0,0,0,0.00399,0.01499,0.03597,0.03591,0.03197,0.01197,0.01197,0.03192,0,0,0.02493,0,0.00499,0.0389,0.00399,0,0.01197,0,0,0.16758,0,0.0119,0,0,0,0,0.02998,0,0,0.01499,0,0,0.01499,0.06598,0.02099,0.03
Pokemon,0.01999,0,0,0,0,0,0,0,0,0,0,0.01999,0.02499,0.05997,0.09296,0,0,0.01999,0.01299,0.03998,0,0,0,0,0,0,0,0,0,0,0,0,0,0,0.01999,0,0,0,0,0,0,0,0,0,0.01299,0,0,0,0,0,0.01499,0,0,0,0,0,0,0,0,0,0,0.01999,0,0,0.01999,0,0.25396,0.05398,0.01999,0.33,0.81282,0.06495,0.13495,0.01197,0,0,0.0399,0.05895,0.01999,0,0,0.06087,0,0.1659,0.13195,0.02097,0.00399,0.03591,0.06392,0.03399,0.01197,0,0,0,0.01596,0,0,0.04389,0.03298,0,0.07397,0.02793,0.06296,0.01698,0.0198,0,0.00399,0.12393,0,0.0531,0.0559,0.0399,0.00798,0,0.01995,0,0,0.005,0.02499,0.00399,0.01487,0,0,0.01197,0.00399,0.01197,0,0.01995,0,0,0.0559,0.0989,0.01197,0,0,0,0,0.01197,0.16762,0.04788,0,0,0,0,0.01197,0.06718,0.05985,0.03394,0.29695,0,0.07984,0,0.03298,0.11196,0.00675,0,0,0.05598,0.05993,0.10995,0.51278,0,0.00499,0,0,0.09999,0.10378,0.01197,0.06113,0,0,0,0.04788,0.0579,0,0,0.00399,0,0,0.05953,0.05556,0.00435,0.01197,0,0,0.01519,0.0734,0.08386,0.14101,0,0.02793,0,0.01799,0.01645,0.0805,0.00412,0.07182,0,0.03393,0.01125,0.10983,0.11499,0.02097,0.02394,0.01197,0.10197,0.15164,0,0.05196,0.0297,0.01197,0.06328,0.06384,0.00798,0,0.05457,0.07646,0.07182,0,0,0,0.08767,0.1322,0.01995,0,0.03591,0,0.02793,0.01197,0.17564,0.1009,0.21365,0.02797,0.04832,0.014,0.06065,0.03941,0.04863,0.05187,0.02394,0,0.11999,0,0.25935,0.02645
Card Game,0,0.07491,0,0,0,0.07497,0.01499,0.00899,0,0,0,0.01499,0.02998,0.05998,0,0,0.02398,0,0,0.02998,0.01499,0,0,0,0,0.01499,0,0.08396,0,0.04499,0,0,0.09982,0.05998,0.23058,0,0,0.07999,0,0.28167,0.00999,0.01499,0.01499,0.00899,0,0.01499,0.35746,0.06893,0.11088,0.15537,0.03591,0.06384,0.11489,0.08782,0.13074,0.01499,0,0,0.0919,0.01499,0.01197,0.09295,0,0.04499,0,0,0,0,0,0,0,0.0809,0.00899,0,0.00399,0.04499,0,0,0.017,0.014,0.16291,0.015,0.02097,0.02299,0.04994,0.035,0.033,0.19475,0.07389,0.01897,0.004,0.006,0.049,0.04,0.03298,0.022,0.09597,0.033,0.06399,0.016,0.001,0.04499,0.03899,0.032,0.03,0.001,0.05098,0.005,0.04499,0.02499,0.12894,0.063,0.007,0.005,0.14991,0.004,0.05599,0.07599,0.08398,0.024,0.015,0.012,0.006,0.03298,0.07999,0.05897,0.009,0.002,0.001,0.04799,0.022,0.02099,0.02,0.002,0,0.04597,0,0.005,0.08297,0.02199,0.014,0.005,0.003,0.07899,0.014,0.12697,0.04893,0.003,0.02699,0.002,0.001,0.004,0.017,0.32899,0.257,0.09799,0.028,0.001,0.005,0.02299,0.001,0,0.003,0.001,0.002,0.09098,0.01999,0.001,0.001,0,0.002,0.01699,0.02399,0,0.008,0.03897,0.07092,0.03598,0,0.07797,0.12296,0.01599,0.05296,0.04098,0.005,0.03098,0.01799,0.03599,0,0.01999,0.02798,0.02999,0.05994,0.1139,0.11093,0.13294,0.05498,0.001,0.04599,0.04499,0.10496,0.001,0.01699,0.08997,0.16994,0.03998,0.08998,0,0.01099,0.018,0.004,0.007,0.006,0.11097,0.029,0.02799,0.022,0.01,0.03098,0.003,0.005,0.006,0.008,0.02299,0.01,0,0.01695,0.05399,0.362,0.04,0,1.09554,0.002,0,0,0.46921,0,0.001,0.01,0.03995,0.011,0.003,0,0.10594,0.00799
Network,0,0.006,0.003,0.003,0.006,0.049,0,0,0.015,0.043,0.019,0.049,0.032,0,0,0.003,0.003,0.01,0.022,0.016,0.006,0.049,0.033,0.003,0.048,0.02,0.006,0.095,0.009,0.023,0.029,0.009,0.051,0,0,0.003,0,0.006,0.003,0.013,0.006,0.003,0.01,0.025,0.012,0.012,0.054,0.006,0.035,0.015,0.041,0.009,0.032,0.045,0.036,0.067,0.003,0.048,0.032,0.02,0.03,0.019,0.028,0.074,0.042,0.023,0.013,0.023,0.032,0.045,0.023,0.023,0.053,0.035,0.016,0.033,0,0.023,0.006,0.015,0.015,0.018,0.026,0.035,0.032,0.009,0.02,0.051,0.032,0.025,0.034,0.043,0.023,0.045,0.003,0.049,0.05,0.029,0.006,0.006,0.003,0.003,0.01,0,0.046,0.023,0,0.009,0.026,0.02,0.048,0.035,0.029,0.009,0.016,0.09,0.038,0.042,0.032,0.006,0,0.003,0.01,0.074,0.079,0.044,0.019,0,0.02,0.02,0.035,0.003,0.039,0.01,0,0,0,0.022,0.043,0.02,0.01,0.03,0,0.051,0.019,0.046,0.042,0.048,0.04,0.039,0.02,0.023,0.065,0.01,0.01,0.003,0.01,0.013,0.022,0.079,0.035,0,0.006,0,0.01,0.039,0.028,0.036,0.02,0.013,0.036,0.01,0.003,0.039,0.025,0.02,0.065,0.037,0.006,0.046,0.01,0.009,0,0.07,0.009,0,0,0.075,0.035,0.006,0,0,0.01,0.019,0.03,0.03,0.003,0,0,0.016,0,0.02,0.006,0.012,0,0,0,0.03,0.075,0.02,0.016,0.01,0.036,0.013,0.006,0.006,0.024,0.018,0.023,0,0.003,0.023,0.022,0.022,0.015,0.023,0.02,0.01,0.023,0.015,0.012,0.003,0,0.006,0.023,0.009,0.016,0.031,0.016,0,0,0.05,0.023,0.023,0.021
Dice and accessories,0,0,0.002,0.01025,0.0035,0.002,0.003,0.008,0,0.004,0.01198,0,0.0025,0.0005,0,0.0005,0,0,0.01098,0.01375,0.0005,0,0.0015,0,0.03246,0,0.00875,0.02621,0.001,0.0105,0.0025,0.0005,0.003,0,0.00998,0.0025,0.03572,0,0.0005,0,0.02796,0.0005,0,0.003,0.0005,0,0,0.00625,0,0,0,0,0,0,0,0,0,0,0.0367,0,0.0025,0,0.0005,0.00325,0,0,0.01998,0.01673,0.00945,0.01798,0,0,0,0.00125,0.0105,0.0125,0.00998,0,0,0,0.00375,0.004,0.00998,0,0.00625,0,0.00125,0.0025,0.002,0,0.01748,0.0005,0,0.0025,0,0.00275,0.002,0.02146,0.008,0,0.01374,0,0.03422,0.02996,0.02994,0,0.0075,0.002,0,0.01049,0.0145,0.0075,0,0.01598,0.00899,0.01448,0,0.02198,0.01848,0.00998,0.01699,0.0005,0,0.07167,0.01348,0.02372,0,0,0.00525,0.0025,0.001,0,0,0,0.01398,0,0.00275,0.0025,0.0005,0.01999,0.005,0.00325,0.0025,0.005,0.00725,0,0.0005,0,0.01124,0,0,0.01398,0.00998,0.03297,0.00325,0.002,0,0.01149,0.002,0.00925,0.00999,0,0,0.0045,0,0.003,0.016,0,0,0,0,0.02375,0,0.00625,0,0,0.00625,0.0075,0,0.005,0,0.0135,0.0145,0,0,0.001,0,0.00125,0.01148,0.02275,0.0045,0.0005,0.0015,0.0005,0.01425,0,0.0005,0,0.0005,0.002,0,0.0015,0.018,0.002,0.0035,0,0,0,0.0015,0.0005,0,0.0075,0.01099,0,0,0.00998,0.001,0.001,0,0.01225,0.0005,0.00998,0,0.003,0.00998,0.02648,0,0,0.01598,0.02,0.00998,0.00998,0,0.00125,0.00999,0.0025,0.03298,0.0005,0.01448,0.015,0,0.01198,0.0409,0.005,0.00125
Netrunner,0,0,0.01399,0,0,0,0,0,0,0,0,0,0,0,0,0,0,0,0,0,0,0,0,0,0,0,0,0,0,0,0,0,0,0,0,0,0,0,0,0,0,0,0,0,0,0,0,0,0,0,0,0,0,0,0,0,0,0,0,0,0,0,0,0,0,0,0,0,0,0,0,0,0,0,0,0,0,0,0,0,0,0,0,0,0,0,0,0,0,0,0,0,0,0,0,0,0,0,0,0,0,0,0,0,0,0,0,0,0,0,0,0,0,0,0,0,0,0,0,0,0,0,0,0,0,0,0,0,0,0,0,0,0,0,0,0,0,0,0.01495,0,0,0,0,0,0,0,0,0,0,0,0,0,0,0,0,0,0,0,0,0,0,0,0,0,0,0,0,0,0,0,0,0,0,0,0,0,0,0,0,0,0,0,0,0,0,0,0,0,0,0,0,0,0,0,0,0,0,0.03995,0,0,0,0,0,0,0,0,0,0,0,0,0,0,0,0,0,0,0,0,0,0,0,0,0,0,0,0,0,0,0,0,0,0,0,0,0,0,0,0,0,0,0,0,0.01495,0,0
Yu-Gi-Oh,0,0,0.00297,0.00594,0,0.00099,0,0,0.01791,0,0,0.09405,0,0,0,0.01485,0.05049,0,0.00798,0.01398,0.07482,0.02388,0.03666,0,0.00796,0.0398,0.00796,0.00796,0.0199,0,0,0.00597,0.00399,0.0597,0.01791,0,0.00199,0,0,0.00999,0.08163,0.00597,0.00199,0.00199,0.01592,0,0.00199,0.00995,0,0.00199,0.00796,0.00597,0,0.00199,0.00199,0.00796,0,0,0,0.00398,0,0,0,0.00597,0.00597,0,0,0.00199,0.22194,0.11188,0.16542,0.01197,0.04787,0.00398,0.01596,0.00398,0.0398,0.02394,0.07581,0,0.02587,0.01197,0.17822,0.00597,0,0.09393,0.11162,0.01794,0.03396,0.10773,0.04387,0.01998,0.10382,0.05586,0.16582,0.06776,0.02794,0.01592,0.00995,0,0.05385,0.04788,0.00399,0.00797,0.02394,0,0,0,0.2556,0.05997,0.06594,0.03989,0,0.01197,0,0.01197,0.00995,0.02793,0.0339,0.009,0.004,0,0,0.02095,0.02192,0.0339,0,0.002,0.01559,0.27852,0.09587,0,0.18392,0,0.05843,0.01995,0.04497,0.09994,0.01817,0.02597,0.00399,0.03998,0.01999,0.02597,0.04786,0.01313,0.00398,0.01397,0,0,0.00798,0.01199,0.39263,0.09843,0.00452,0.03197,0.00997,0.38222,0.09294,0.02893,0.01326,0.03098,0.00399,0.00689,0,0.0213,0.005,0,0,0.04414,0.02534,0.08542,0.01292,0,0,0,0.15,0.05187,0,0.005,0.05939,0.02635,0,0.01995,0,0.09588,0.01587,0,0,0,0,0,0.05499,0.07502,0.01577,0.03996,0.00399,0.01197,0.01596,0.00999,0.01998,0.02038,0.02394,0.00999,0.03598,0.02802,0.08184,0,0.00013,0.05296,0.00999,0.01998,0.00099,0.01398,0.02468,0.06987,0.03099,0.03098,0.01589,0.04897,0.02331,0.12106,0.02946,0.07502,0.00849,0,0.01596,0.03507,0.41999,0.02394,0.0107,0.06141,0.10393,0.07086,0.20748,0.17195,0.01567,0.10195,0.10493,0.08419,0,0.0958,0.1519,0.01495,0.04462
Magic The Gathering,0,0,0,0.00399,0,0,0,0,0,0,0,0,0.04605,0.02,0,0,0,0,0.00299,0,0,0,0,0.02958,0,0.06,0,0,0.02,0,0,0,0,0.06207,0.09399,0.04,0.08798,0.18798,0.21998,0.51049,1.43306,0.141,0,0,0,0.12398,1.77156,0.72482,0.12989,0.19084,0.30679,0.09793,0.13194,0.0399,0.10043,0.16294,0.41645,0.19891,0.03899,0.03594,0.19484,0.11198,0.07581,0.07581,0.34386,0.14994,0.01197,0.11671,0.18196,0.15389,0.25094,0.22392,0.02394,0,0.21177,0.12288,0,0,0.1359,0.17864,0.12398,0.19887,0.01522,0.07093,0.01197,0.07596,0.08385,0.01997,0.11792,0.06187,1.63598,0.54397,0.01596,0.13997,0.68994,0.51922,1.04865,0.12543,0.29992,0.19389,1.24693,0.07411,0.39065,0.03696,0.21745,0.1818,0.07094,0.63403,0.15199,0.32195,0.28088,0.67124,0.59087,0.79745,0.4219,0.1304,0.47289,0.56403,0.07697,0.13177,0.1381,0.34283,0.8057,2.83087,0.54752,0.49043,0.35195,0.81151,0.3792,0.17176,0.595,0.75194,0.48168,0.27543,0.37096,0.31231,0.2903,1.03985,0.56635,0.08934,0.31829,0.25689,0.28314,0.26256,0.44472,0.73219,0.12014,0.48587,0.33311,0.20559,0.17382,0.22807,0.476,0.2995,0.22626,0.55228,0.50414,0.16191,0.31291,0.618,0.36025,0.24522,0.12227,0.1829,0.29533,1.10329,0.67842,0.13908,0.14555,0.24962,0.17747,0.19515,0.38528,0.21578,0.06802,0.09468,0.15468,0.48917,0.23971,0.28797,0.47313,0.26693,0.08014,0.16945,0.17584,0.12821,0.34047,0.3765,0.05522,0.22806,0.12446,0.18022,0.29141,0.50464,0.70521,0.11317,0.09246,0.28765,0.27753,0.20659,0.38783,0.48062,0.27562,0.43559,0.13086,0.34301,0.0945,0.11631,0.24939,0.64197,0.19221,0.37436,0.17422,0.14409,0.39166,0.53318,0.06237,0.48916,0.13626,0.28242,0.29635,0.21078,0.39159,0.23776,0.21552,0.30171,0.23541,0.23934,0.57401,3.12934,1.6858,0.21632,0.35098,0.52653,0.30247,3.02996,0.91801,0.46391,0.43715,0.52026,0.92679,0.57691,0.99564,0.79717,0.35891
Warhammer 40K,0,0,0,0,0.058,0.0205,0,0.037,0,0,0,0.04125,0,0,0,0,0.0165,0,0,0,0,0,0,0,0,0.096,0,0,0,0,0.0066,0,0.076,0.058,0,0,0.012,0.01499,0,0,0.0425,0.06875,0,0,0.041,0,0.034,0,0,0.01495,0.01495,0,0,0,0,0,0.01499,0,0,0,0,0,0,0,0.008,0,0,0.01495,0,0,0,0,0,0,0,0.0897,0,0,0,0,0.008,0.1175,0.03725,0,0,0,0,0,0,0,0,0,0,0,0,0.01495,0,0,0,0,0,0,0,0,0,0,0,0,0,0,0,0,0,0,0,0,0,0,0,0,0,0,0,0,0,0,0,0,0,0,0,0,0,0,0,0,0,0,0,0,0,0,0,0,0.125,0,0,0.012,0,0,0,0.109,0,0,0,0,0,0,0,0,0,0,0,0,0,0,0.26948,0,0,0,0,0,0,0,0,0.03995,0,0,0,0.008,0.004,0.008,0,0,0,0,0,0.0875,0.058,0,0,0,0,0.05544,0,0,0,0,0,0.033,0,0,0,0.05,0,0,0,0,0.044,0,0,0,0,0,0,0,0,0,0.032,0,0,0,0,0,0,0,0,0,0.144,0.018,0,0,0,0,0,0,0,0,0,0.041,0,0,0.012,0,0
Force of Will,0,0,0,0,0,0.03625,0,0,0,0,0.27797,0,0.005,0,0,0,0,0,0.0021,0.028,0,0.005,0,0.0092,0,0,0.02944,0.004,0,0,0,0,0,0.018,0,0,0,0,0.01896,0.12996,0,0,0,0,0,0,0,0.12672,0,0,0,0.02422,0.005,0.31908,0.20103,0,0.00853,0,0.18697,0.24252,0.3494,0.11773,0,0,0.003,0,0.04599,0.02999,0.00399,0.01895,0.06448,0.001,0.06584,0.09198,0.08997,0.32458,0.20123,0.09047,0.00115,0,0.07137,0,0.05786,0.04978,0,0,0,0,0,0,0,0,0,0,0.01137,0,0.03075,0,0,0,0.02937,0,0.0015,0.14548,0.00758,0.0085,0.0095,0.02995,0.28497,0,0.08978,0.04927,0.013,0,0,0,0.00758,0.52449,0.07693,0.00455,0.04548,0.02274,0.02653,0.18216,0.14685,0.21518,0,0.00095,0.01688,0.12462,0,0.21867,0.01137,0.02653,0.0015,0.06464,0.01147,0.21272,0.09264,0.0022,0.1182,0.12848,0.01452,0.01232,0.05498,0.21492,0.01895,0.1676,0.16271,0.04548,0.1329,0.06183,0.37042,0.01187,0.02762,0.05108,0.15276,0.02062,0.02464,0.01137,0.04163,0.02031,0.01516,0.05927,0.01137,0.01756,0.0015,0.01137,0.06465,0.0007,0.03411,0.07319,0,0.02181,0,0.04531,0.00749,0.03061,0,0,0.02564,0,0.06032,0.00129,0.0001,0.08716,0.08913,0.03411,0,0.08684,0.001,0.11996,0.13451,0.11985,0.31122,0.00305,0.43748,0.1636,0.01197,0.0752,0.05496,0.14954,0.14265,0.06875,0.17856,0,0.03591,0,0.05502,0.29456,0.39406,0.15563,0.02165,0.02147,0.18567,0.01574,0.02637,0.01137,0,0,0.02394,0.02294,0.20933,0.10199,0.00379,0.02274,0.09818,0.08598,0.14124,0.43851,0.1642,0.12151,0.11215,0.02771,0.05949,0.11671,0.26933,0.06427,0.03949,0.04271,0.1073,0.25634,0.31275,0.23947,0.06281
Miscellaneous,0,0,0,0,0,0,0.04,0,0,0,0,0,0,0,0,0,0,0,0,0,0,0,0,0,0,0,0,0,0.06,0,0,0,0,0,0,0,0,0,0.004,0.01999,0,0,0,0,0,0,0,0.04,0,0.06513,0,0,0,0,0.04995,0,0,0,0,0,0,0.02075,0,0,0,0.00399,0.00999,0,0,0,0,0,0,0,0,0.01999,0,0,0,0,0,0,0,0.01,0,0,0,0,0,0.06,0,0,0,0,0.01295,0,0,0,0,0,0,0,0,0,0,0,0,0,0,0,0,0.01655,0,0,0,0,0,0,0,0,0,0,0,0.004,0,0,0,0.04998,0,0,0,0.002,0.0025,0,0,0,0,0,0,0,0,0.00799,0,0,0.004,0.00501,0,0,0.004,0,0,0,0,0.00648,0,0.0015,0,0.009,0,0,0,0,0,0,0,0,0,0,0,0,0,0,0.00499,0.009,0,0,0.002,0,0.03,0,0,0.0025,0,0,0,0,0,0.00099,0.02,0.00495,0.015,0,0,0.08,0.17,0.005,0.002,0.022,0.005,0.002,0,0.017,0,0.05,0,0,0.005,0.02997,0.00099,0,0,0.01198,0,0,0.08497,0,0,0.00099,0.002,0,0,0,0,0,0,0,0,0.08,0,0.00099,0,0,0,0,0,0,0,0,0,0,0,0,0.013,0,0.017
3D printing,0,0,0,0,0,0,0,0,0,0,0.0019,0,0,0,0,0,0,0,0,0,0,0,0,0,0,0.009,0,0,0,0,0,0.015,0,0,0,0,0,0,0,0,0,0,0,0,0,0,0,0,0,0,0,0,0,0,0,0,0.009,0,0,0,0,0,0,0,0,0,0,0.01499,0,0,0.019,0,0,0,0,0,0,0,0,0.009,0,0,0,0,0,0.014,0,0,0,0,0,0,0,0,0,0.01,0,0,0,0.045,0,0,0,0.057,0.039,0,0.007,0.00474,0,0,0,0,0,0,0,0,0,0,0,0,0,0,0,0,0,0,0,0,0,0,0,0,0,0,0.016,0,0,0,0,0,0,0.007,0,0,0.03,0.035,0,0,0,0,0,0,0,0,0,0,0,0,0,0.015,0,0,0,0,0,0,0,0,0,0,0,0,0,0,0,0,0,0,0,0,0,0,0,0,0,0,0,0,0,0,0,0,0,0,0,0,0,0,0,0,0,0,0,0,0,0,0,0,0,0,0,0,0,0,0,0,0,0,0,0,0,0,0,0,0,0,0,0,0,0,0,0,0,0,0,0,0,0,0,0,0,0,0,0,0
Prize Support,0,0,0,0,0,0,0,0,0,0,0,0,0,0,0,0,0,0,0,0,0,0,0,0,0,0,0,0,0,0,0,0,0,0,0,0,0,0,0,0,0,0,0,0,0,0,0,0,0,0,0,0,0,0,0,0,0,0,0,0,0,0,0,0,0,0,0,0,0,0,0,0,0,0,0,0,0,0,0,0,0,0,0,0,0,0,0,0,0,0.015,0,0,0,0,0,0,0,0,0,0,0,0,0,0,0,0,0,0,0,0,0,0,0,0,0,0,0,0,0,0,0,0,0,0,0,0,0,0,0,0,0,0,0,0,0,0,0,0,0,0,0,0,0,0,0,0,0,0,0,0,0,0,0,0,0,0,0,0,0,0,0,0,0,0,0,0,0,0,0,0,0,0,0,0,0,0,0,0,0,0,0,0,0,0,0,0,0,0,0,0,0,0,0,0,0.02,0,0,0,0,0,0,0,0,0,0.1,0,0,0,0,0,0,0,0,0,0,0,0,0,0,0,0,0,0,0,0,0,0,0,0,0,0,0,0,0,0,0,0,0,0,0,0,0,0,0,0
Venue Fee,0,0,0,0,0,0,0,0,0,0,0,0,0,0,0,0,0,0,0,0,0,0,0,0,0,0,0,0,0,0,0,0,0,0,0,0,0.04,0,0,0,0,0,0,0,0,0,0,0,0,0,0,0,0,0,0,0,0,0,0,0,0,0,0,0,0,0,0,0,0,0,0,0,0,0,0,0,0,0,0,0,0,0,0,0,0,0,0,0,0,0,0,0,0,0,0,0,0,0,0,0,0,0,0,0,0,0,0,0,0,0,0,0,0,0,0,0,0,0,0,0,0,0,0,0,0,0,0,0,0,0,0,0,0,0,0,0,0,0,0,0,0,0,0,0,0,0,0,0,0,0,0,0,0,0,0,0,0,0,0,0,0,0,0,0,0,0,0,0,0,0,0,0,0,0,0,0,0,0,0,0,0,0,0,0,0,0,0,0,0,0,0,0,0,0,0,0,0,0,0,0,0,0,0,0,0,0,0,0,0,0,0,0,0,0,0,0,0,0,0,0,0,0,0,0,0,0,0,0,0,0,0,0,0,0,0,0,0,0,0,0,0,0,0,0,0
Birthdays,0,0,0,0,0,0,0,0,0,0,0,0,0,0,0,0,0,0,0,0,0,0,0,0,0,0,0,0,0,0,0,0,0,0,0,0,0,0,0,0,0,0,0,0,0,0,0,0,0,0,0,0,0,0,0,0,0,0,0,0,0,0,0,0,0,0.03,0,0,0,0,0,0,0,0,0,0,0,0,0,0,0,0,0,0,0,0,0,0,0,0,0,0,0,0,0,0,0,0,0,0,0,0,0,0,0,0,0,0,0,0,0.03,0,0,0,0,0,0,0,0,0,0,0,0,0,0,0,0,0,0,0.08,0,0,0,0,0,0,0,0,0,0,0,0,0,0,0,0,0,0,0,0,0,0,0,0,0,0,0,0,0,0,0,0,0,0,0,0,0,0,0,0,0,0,0,0,0,0,0,0,0,0,0,0,0,0,0,0,0,0,0,0,0,0,0,0,0,0,0,0,0,0,0,0,0,0,0,0,0,0,0,0,0,0,0,0,0,0,0,0,0,0,0,0,0,0,0,0,0,0,0,0,0,0,0,0,0,0,0,0,0,0,0,0,0,0,0
D&D,0,0,0,0,0,0,0,0,0,0,0,0,0,0,0,0,0,0,0,0,0,0,0,0,0,0,0,0,0,0,0,0,0,0,0,0,0,0,0,0,0,0,0,0,0,0,0,0,0,0,0,0,0,0,0,0,0,0,0,0,0,0,0,0,0,0,0,0,0,0,0,0,0,0,0,0,0,0,0,0,0,0,0,0,0,0,0,0,0,0,0,0,0,0,0,0.04995,0,0,0,0,0,0,0,0,0,0,0,0,0,0.31087,0,0,0,0,0,0,0,0.03198,0,0.09594,0,0,0,0.027,0,0,0.08193,0,0.04797,0,0,0,0.01299,0.03198,0,0.0099,0.01599,0,0,0.06499,0.04797,0.00495,0,0.01999,0,0,0,0.01599,0,0,0,0.0099,0.04995,0,0,0,0,0,0,0.01999,0.01299,0,0,0,0,0,0,0,0,0.01999,0,0,0.0999,0.04995,0,0.04995,0,0,0.0799,0,0,0,0,0,0,0,0,0,0,0,0,0,0.014,0,0,0,0,0,0,0,0,0.04995,0,0,0,0,0,0.01999,0,0,0.00699,0,0,0,0,0,0,0,0,0,0,0.03198,0,0,0,0,0.01599,0,0.03999,0,0,0,0,0,0,0.16984,0,0,0,0,0,0,0,0.00495,0
Dragon Ball Z,0,0,0,0,0,0,0,0,0,0,0,0,0,0,0,0,0,0,0,0,0,0,0,0,0,0,0,0,0,0,0,0,0,0,0,0,0,0,0,0,0,0,0,0,0,0,0,0,0,0,0,0,0,0,0,0,0,0,0,0,0,0,0,0,0,0,0,0,0,0,0,0,0,0,0,0,0,0,0,0,0,0,0,0,0,0,0,0,0,0,0,0,0,0,0,0,0,0,0,0,0,0,0,0,0,0,0,0,0,0,0,0,0,0,0,0,0,0,0,0,0,0,0,0,0,0,0,0,0,0,0,0,0,0,0,0,0,0,0.04788,0,0,0,0,0,0,0,0,0,0,0,0,0.18571,0,0,0,0.04269,0.26807,0,0.03591,0,0,0,0,0,0.09735,0.03072,0.13047,0,0.0375,0,0.03072,0,0.01197,0,0,0,0,0,0,0.05181,0.1599,0,0,0,0,0,0,0.12291,0,0.01875,0,0,0,0,0.01399,0,0,0,0,0,0.05768,0.00798,0,0,0.01875,0,0,0,0,0.01197,0,0,0,0,0,0,0.02394,0,0.01197,0,0,0.03095,0,0,0,0,0,0,0,0,0,0,0,0,0,0.00399,0,0.01499,0,0,0,0,0,0,0
Clothing,0,0,0,0,0,0,0,0,0,0,0,0,0,0,0,0,0,0,0,0,0,0,0,0,0,0,0,0,0,0,0,0,0,0,0,0,0,0,0,0,0,0,0,0,0,0,0,0,0,0,0,0,0,0,0,0,0,0,0,0,0,0,0,0,0,0,0,0,0,0,0,0,0,0,0,0,0,0,0,0,0,0,0,0,0,0,0,0,0,0,0,0,0,0,0,0,0,0,0,0,0,0,0,0,0,0,0,0,0,0,0,0,0,0,0,0,0,0,0,0,0,0,0,0,0,0,0,0,0,0,0,0,0,0,0,0,0,0,0,0,0,0,0,0,0,0,0,0,0,0.036,0,0,0,0,0,0,0,0,0,0,0,0,0,0,0,0,0,0,0,0,0,0,0,0,0,0,0,0,0,0,0,0,0,0,0,0,0,0,0,0,0,0,0,0,0,0,0,0,0,0,0,0,0,0,0,0,0.018,0,0,0,0,0,0,0,0,0,0,0,0,0,0,0,0,0,0,0,0,0,0,0,0,0,0,0,0,0,0,0,0,0,0,0,0,0,0
Star Wars,0,0,0,0,0,0,0,0,0,0,0,0,0,0,0,0,0,0,0,0,0,0,0,0,0,0,0,0,0,0,0,0,0,0,0,0,0,0,0,0,0,0,0,0,0,0,0,0,0,0,0,0,0,0,0,0,0,0,0,0,0,0,0,0,0,0,0,0,0,0,0,0,0,0,0,0,0,0,0,0,0,0,0,0,0,0,0,0,0,0,0,0,0,0,0,0,0,0,0,0,0,0,0,0,0,0,0,0,0,0,0,0,0,0,0,0,0,0,0,0,0,0,0,0,0,0,0,0,0,0,0,0,0,0,0,0,0,0,0,0,0,0,0,0,0,0,0,0,0,0,0,0,0,0,0,0,0,0,0,0,0,0,0,0,0,0,0.04984,0,0,0,0.01295,0,0.0898,0,0.0999,0.01295,0,0,0.03995,0.0349,0,0.03995,0,0,0,0,0.0449,0.0349,0,0.00899,0,0,0,0,0.0449,0,0.01798,0,0.0299,0,0,0.08386,0,0,0,0.0928,0,0,0.01495,0.11275,0.06995,0,0,0.03996,0.01499,0.03596,0.0499,0.08494,0,0.00998,0.03995,0.05995,0.00995,0,0,0,0,0,0,0.00499,0,0,0,0,0.0349,0.01495,0,0,0.09489,0,0,0,0,0.14979,0
Miniatures ,0,0,0,0,0,0,0,0,0,0,0,0,0,0,0,0,0,0,0,0,0,0,0,0,0,0,0,0,0,0,0,0,0,0,0,0,0,0,0,0,0,0,0,0,0,0,0,0,0,0,0,0,0,0,0,0,0,0,0,0,0,0,0,0,0,0,0,0,0,0,0,0,0,0,0,0,0,0,0,0,0,0,0,0,0,0,0,0,0,0,0,0,0,0,0,0,0,0,0,0,0,0,0,0,0,0,0,0,0,0,0,0,0,0,0,0,0,0,0,0,0,0,0,0,0,0,0,0,0,0,0,0,0,0,0,0,0,0,0,0,0,0,0,0,0,0,0,0,0,0,0,0,0,0,0,0,0,0,0,0,0,0,0,0,0,0,0,0,0,0,0,0,0,0,0,0,0,0,0,0,0.00249,0,0,0,0,0,0,0,0,0,0,0,0,0,0,0,0,0,0,0,0,0,0,0,0,0,0,0,0,0.02512,0,0,0,0,0,0.00727,0,0,0,0,0,0,0,0,0,0,0,0,0,0,0,0,0,0,0,0,0,0,0,0,0,0,0,0,0
Video Gaming,0,0,0,0,0,0,0,0,0,0,0,0,0,0,0,0,0,0,0,0,0,0,0,0,0,0,0,0,0,0,0,0,0,0,0,0,0,0,0,0,0,0,0,0,0,0,0,0,0,0,0,0,0,0,0,0,0,0,0,0,0,0,0,0,0,0,0,0,0,0,0,0,0,0,0,0,0,0,0,0,0,0,0,0,0,0,0,0,0,0,0,0,0,0,0,0,0,0,0,0,0,0,0,0,0,0,0,0,0,0,0,0,0,0,0,0,0,0,0,0,0,0,0,0,0,0,0,0,0,0,0,0,0,0,0,0,0,0,0,0,0,0,0,0,0,0,0,0,0,0,0,0,0,0,0,0,0,0,0,0,0,0,0,0,0,0,0,0,0,0,0,0,0,0,0,0,0,0,0,0,0,0,0,0,0,0.011,0,0.005,0,0.003,0.003,0,0.003,0.001,0.007,0.004,0.002,0.002,0.001,0.002,0,0.002,0.016,0.001,0.004,0.005,0,0,0.001,0,0.004,0.004,0.004,0.004,0.004,0.004,0.011,0,0,0,0.006,0.001,0.005,0.009,0.007,0.003,0.002,0.003,0.001,0.003,0,0.003,0,0.001,0.001,0.001,0.007,0.007,0.01,0.004,0,0.005,0.002,0.001,0.009
Figures And Models,0,0,0,0,0,0,0,0,0,0,0,0,0,0,0,0,0,0,0,0,0,0,0,0,0,0,0,0,0,0,0,0,0,0,0,0,0,0,0,0,0,0,0,0,0,0,0,0,0,0,0,0,0,0,0,0,0,0,0,0,0,0,0,0,0,0,0,0,0,0,0,0,0,0,0,0,0,0,0,0,0,0,0,0,0,0,0,0,0,0,0,0,0,0,0,0,0,0,0,0,0,0,0,0,0,0,0,0,0,0,0,0,0,0,0,0,0,0,0,0,0,0,0,0,0,0,0,0,0,0,0,0,0,0,0,0,0,0,0,0,0,0,0,0,0,0,0,0,0,0,0,0,0,0,0,0,0,0,0,0,0,0,0,0,0,0,0,0,0,0,0,0,0,0,0,0,0,0,0,0,0,0,0,0,0,0,0.01299,0,0,0,0,0,0,0,0,0,0,0,0,0,0,0,0,0,0,0,0,0,0,0,0,0,0,0,0,0,0,0,0.01199,0,0,0.01599,0.02697,0,0,0,0,0,0.04498,0,0,0,0,0,0,0,0.00899,0,0,0,0,0,0,0,0
WarMachine,0,0,0,0,0,0,0,0,0,0,0,0,0,0,0,0,0,0,0,0,0,0,0,0,0,0,0,0,0,0,0,0,0,0,0,0,0,0,0,0,0,0,0,0,0,0,0,0,0,0,0,0,0,0,0,0,0,0,0,0,0,0,0,0,0,0,0,0,0,0,0,0,0,0,0,0,0,0,0,0,0,0,0,0,0,0,0,0,0,0,0,0,0,0,0,0,0,0,0,0,0,0,0,0,0,0,0,0,0,0,0,0,0,0,0,0,0,0,0,0,0,0,0,0,0,0,0,0,0,0,0,0,0,0,0,0,0,0,0,0,0,0,0,0,0,0,0,0,0,0,0,0,0,0,0,0,0,0,0,0,0,0,0,0,0,0,0,0,0,0,0,0,0,0,0,0,0,0,0,0,0,0,0,0,0,0,0,0,0,0,0,0,0,0,0,0,0,0,0,0,0.04999,0,0.04999,0,0,0,0,0,0,0,0,0,0,0,0,0,0,0,0,0,0,0,0,0,0,0,0,0,0,0,0,0,0,0,0,0,0,0,0,0,0,0,0,0,0
